<settings>
  <setting name="AllowOnlyOneInstance">1</setting>
  <setting name="CloseOnEscape">0</setting>
  <setting name="DbgHelpSearchPath">SRV*C:\Symbols*https://msdl.microsoft.com/download/symbols</setting>
  <setting name="DbgHelpUndecorate">1</setting>
  <setting name="DisabledPlugins"></setting>
  <setting name="ElevationLevel">1</setting>
  <setting name="EnableCycleCpuUsage">1</setting>
  <setting name="EnableInstantTooltips">0</setting>
  <setting name="EnableKph">1</setting>
  <setting name="EnableKphWarnings">1</setting>
  <setting name="EnableHandleSnapshot">1</setting>
  <setting name="EnableNetworkResolve">1</setting>
  <setting name="EnableNetworkResolveDoH">0</setting>
  <setting name="EnablePlugins">1</setting>
  <setting name="EnableServiceNonPoll">0</setting>
  <setting name="EnableStage2">1</setting>
  <setting name="EnableServiceStage2">0</setting>
  <setting name="EnableStartAsAdmin">0</setting>
  <setting name="EnableWarnings">1</setting>
  <setting name="EnableWindowText">1</setting>
  <setting name="EnableThemeSupport">0</setting>
  <setting name="EnableTooltipSupport">1</setting>
  <setting name="EnableSecurityAdvancedDialog">1</setting>
  <setting name="EnableLinuxSubsystemSupport">0</setting>
  <setting name="EnvironmentTreeListColumns"></setting>
  <setting name="EnvironmentTreeListSort">0,0</setting>
  <setting name="EnvironmentTreeListFlags">0</setting>
  <setting name="FindObjRegex">0</setting>
  <setting name="FindObjTreeListColumns"></setting>
  <setting name="FindObjWindowPosition">0,0</setting>
  <setting name="FindObjWindowSize">@96|550,420</setting>
  <setting name="FileBrowseExecutable">%SystemRoot%\explorer.exe /select,&quot;%s&quot;</setting>
  <setting name="FirstRun">0</setting>
  <setting name="Font"></setting>
  <setting name="ForceNoParent">1</setting>
  <setting name="KphBuildNumber">4a63</setting>
  <setting name="HandleTreeListColumns"></setting>
  <setting name="HandleTreeListSort">0,1</setting>
  <setting name="HandleTreeListFlags">3</setting>
  <setting name="HandlePropertiesWindowPosition">0,0</setting>
  <setting name="HandlePropertiesWindowSize">@96|260,260</setting>
  <setting name="HiddenProcessesMenuEnabled">0</setting>
  <setting name="HiddenProcessesListViewColumns"></setting>
  <setting name="HiddenProcessesWindowPosition">400,400</setting>
  <setting name="HiddenProcessesWindowSize">@96|520,400</setting>
  <setting name="HideDriverServices">0</setting>
  <setting name="HideFreeRegions">1</setting>
  <setting name="HideOnClose">0</setting>
  <setting name="HideOnMinimize">0</setting>
  <setting name="HideOtherUserProcesses">0</setting>
  <setting name="HideSignedProcesses">0</setting>
  <setting name="HideWaitingConnections">0</setting>
  <setting name="HighlightingDuration">3e8</setting>
  <setting name="IconGuids">{98bcf094-d44b-4712-af1f-5255f8a3eedb}|{854fdf8a-4cf1-4c8c-b46f-2f3e3a68feb8}|{26afb58f-ad72-4a73-bbe3-27be1922fb10}|{ebd7b28b-a5fe-4adf-a7a7-4ec727a5bcf0}|{6bffd149-5afa-4f90-b7fe-f81c3a7d9d82}|{0bed708d-e3b4-4753-bf9b-9f1c09bc2ede}|{32f22745-1997-481b-ab82-0822ab57b47f}|{e8ab4734-f548-4ee2-be92-c3566189d87d}|{31fbe75c-6fa8-4978-b7a9-f5d34d8be9cd}</setting>
  <setting name="IconSettings">1|1|</setting>
  <setting name="IconNotifyMask">c</setting>
  <setting name="IconProcesses">f</setting>
  <setting name="IconSingleClick">0</setting>
  <setting name="IconTogglesVisibility">1</setting>
  <setting name="JobListViewColumns"></setting>
  <setting name="LogEntries">200</setting>
  <setting name="LogListViewColumns"></setting>
  <setting name="LogWindowPosition">0,0</setting>
  <setting name="LogWindowSize">@96|450,500</setting>
  <setting name="MainWindowAlwaysOnTop">0</setting>
  <setting name="MainWindowClassName">MainWindowClassName</setting>
  <setting name="MainWindowOpacity">0</setting>
  <setting name="MainWindowPosition">100,100</setting>
  <setting name="MainWindowSize">@96|800,600</setting>
  <setting name="MainWindowState">1</setting>
  <setting name="MainWindowTabRestoreEnabled">0</setting>
  <setting name="MainWindowTabRestoreIndex">0</setting>
  <setting name="MaxSizeUnit">6</setting>
  <setting name="MemEditBytesPerRow">10</setting>
  <setting name="MemEditGotoChoices"></setting>
  <setting name="MemEditPosition">450,450</setting>
  <setting name="MemEditSize">@96|600,500</setting>
  <setting name="MemFilterChoices"></setting>
  <setting name="MemResultsListViewColumns"></setting>
  <setting name="MemResultsPosition">300,300</setting>
  <setting name="MemResultsSize">@96|500,520</setting>
  <setting name="MemoryListFlags">3</setting>
  <setting name="MemoryTreeListColumns"></setting>
  <setting name="MemoryTreeListSort">0,0</setting>
  <setting name="MemoryListsWindowPosition">400,400</setting>
  <setting name="MemoryReadWriteAddressChoices"></setting>
  <setting name="MiniInfoWindowClassName">MiniInfoWindowClassName</setting>
  <setting name="MiniInfoWindowEnabled">1</setting>
  <setting name="MiniInfoWindowOpacity">0</setting>
  <setting name="MiniInfoWindowPinned">0</setting>
  <setting name="MiniInfoWindowPosition">200,200</setting>
  <setting name="MiniInfoWindowRefreshAutomatically">1</setting>
  <setting name="MiniInfoWindowSize">@96|10,200</setting>
  <setting name="ModuleTreeListFlags">1</setting>
  <setting name="ModuleTreeListColumns"></setting>
  <setting name="ModuleTreeListSort">0,0</setting>
  <setting name="NetworkTreeListColumns"></setting>
  <setting name="NetworkTreeListSort">0,1</setting>
  <setting name="NoPurgeProcessRecords">0</setting>
  <setting name="OptionsWindowPosition">0,0</setting>
  <setting name="OptionsWindowSize">@96|900,590</setting>
  <setting name="PageFileWindowPosition">0,0</setting>
  <setting name="PageFileWindowSize">@96|500,300</setting>
  <setting name="PageFileListViewColumns"></setting>
  <setting name="PluginManagerWindowPosition">0,0</setting>
  <setting name="PluginManagerWindowSize">@96|900,590</setting>
  <setting name="PluginManagerTreeListColumns"></setting>
  <setting name="PluginsDirectory">plugins</setting>
  <setting name="ProcessServiceListViewColumns"></setting>
  <setting name="ProcessTreeColumnSetConfig"></setting>
  <setting name="ProcessTreeListColumns">@96|0,0,200|1,1,50|2,2,45|3,3,70|4,4,70|5,5,140|6,6,180</setting>
  <setting name="ProcessTreeListSort">0,0</setting>
  <setting name="ProcPropPage">Общее  </setting>
  <setting name="ProcPropPosition">200,200</setting>
  <setting name="ProcPropSize">@96|460,580</setting>
  <setting name="ProcStatPropPageGroupStates"></setting>
  <setting name="ProgramInspectExecutables">peview.exe &quot;%s&quot;</setting>
  <setting name="PropagateCpuUsage">0</setting>
  <setting name="RunAsProgram"></setting>
  <setting name="RunAsUserName"></setting>
  <setting name="RunFileDlgState">0</setting>
  <setting name="SampleCount">3c0</setting>
  <setting name="SampleCountAutomatic">1</setting>
  <setting name="ScrollToNewProcesses">0</setting>
  <setting name="SearchEngine">https://www.google.com/search?q=&quot;%s&quot;</setting>
  <setting name="ServiceWindowPosition">0,0</setting>
  <setting name="ServiceListViewColumns"></setting>
  <setting name="ServiceTreeListColumns"></setting>
  <setting name="ServiceTreeListSort">0,1</setting>
  <setting name="SessionShadowHotkey">106,2</setting>
  <setting name="ShowPluginLoadErrors">0</setting>
  <setting name="ShowCommitInSummary">1</setting>
  <setting name="ShowCpuBelow001">0</setting>
  <setting name="ShowHexId">0</setting>
  <setting name="StartHidden">0</setting>
  <setting name="SysInfoWindowAlwaysOnTop">0</setting>
  <setting name="SysInfoWindowOneGraphPerCpu">0</setting>
  <setting name="SysInfoWindowPosition">200,200</setting>
  <setting name="SysInfoWindowSection"></setting>
  <setting name="SysInfoWindowSize">@96|620,590</setting>
  <setting name="SysInfoWindowState">1</setting>
  <setting name="ThinRows">0</setting>
  <setting name="ThreadTreeListColumns"></setting>
  <setting name="ThreadTreeListSort">1,2</setting>
  <setting name="ThreadTreeListFlags">0</setting>
  <setting name="ThreadStackTreeListColumns"></setting>
  <setting name="ThreadStackWindowSize">@96|420,400</setting>
  <setting name="TokenGroupsListViewColumns"></setting>
  <setting name="TokenGroupsListViewStates"></setting>
  <setting name="TokenGroupsListViewSort">1,2</setting>
  <setting name="TokenSplitterEnable">0</setting>
  <setting name="TokenSplitterPosition">150</setting>
  <setting name="TokenPrivilegesListViewColumns"></setting>
  <setting name="TreeListBorderEnable">0</setting>
  <setting name="TreeListCustomColorsEnable">0</setting>
  <setting name="TreeListCustomColorText">0</setting>
  <setting name="TreeListCustomColorFocus">0</setting>
  <setting name="TreeListCustomColorSelection">0</setting>
  <setting name="UpdateInterval">3e8</setting>
  <setting name="WmiProviderEnableHiddenMenu">0</setting>
  <setting name="WmiProviderListViewColumns"></setting>
  <setting name="ColorNew">ff7f</setting>
  <setting name="ColorRemoved">283cff</setting>
  <setting name="UseColorOwnProcesses">1</setting>
  <setting name="ColorOwnProcesses">aaffff</setting>
  <setting name="UseColorSystemProcesses">1</setting>
  <setting name="ColorSystemProcesses">ffccaa</setting>
  <setting name="UseColorServiceProcesses">1</setting>
  <setting name="ColorServiceProcesses">ffffcc</setting>
  <setting name="UseColorJobProcesses">0</setting>
  <setting name="ColorJobProcesses">3f85cd</setting>
  <setting name="UseColorWow64Processes">0</setting>
  <setting name="ColorWow64Processes">8f8fbc</setting>
  <setting name="UseColorDebuggedProcesses">1</setting>
  <setting name="ColorDebuggedProcesses">ffbbcc</setting>
  <setting name="UseColorElevatedProcesses">1</setting>
  <setting name="ColorElevatedProcesses">aaff</setting>
  <setting name="UseColorHandleFiltered">1</setting>
  <setting name="ColorHandleFiltered">0</setting>
  <setting name="UseColorImmersiveProcesses">1</setting>
  <setting name="ColorImmersiveProcesses">cbc0ff</setting>
  <setting name="UseColorPicoProcesses">1</setting>
  <setting name="ColorPicoProcesses">ff8000</setting>
  <setting name="UseColorSuspended">1</setting>
  <setting name="ColorSuspended">777777</setting>
  <setting name="UseColorDotNet">1</setting>
  <setting name="ColorDotNet">ffde</setting>
  <setting name="UseColorPacked">1</setting>
  <setting name="ColorPacked">9314ff</setting>
  <setting name="UseColorGuiThreads">1</setting>
  <setting name="ColorGuiThreads">77ffff</setting>
  <setting name="UseColorRelocatedModules">1</setting>
  <setting name="ColorRelocatedModules">80c0ff</setting>
  <setting name="UseColorProtectedHandles">1</setting>
  <setting name="ColorProtectedHandles">777777</setting>
  <setting name="UseColorInheritHandles">1</setting>
  <setting name="ColorInheritHandles">ffff77</setting>
  <setting name="UseColorServiceDisabled">1</setting>
  <setting name="ColorServiceDisabled">6d6d6d</setting>
  <setting name="UseColorServiceStop">1</setting>
  <setting name="ColorServiceStop">6d6d6d</setting>
  <setting name="UseColorUnknown">1</setting>
  <setting name="ColorUnknown">8080ff</setting>
  <setting name="UseColorSystemThreadStack">0</setting>
  <setting name="ColorSystemThreadStack">ffccaa</setting>
  <setting name="UseColorUserThreadStack">0</setting>
  <setting name="ColorUserThreadStack">aaffff</setting>
  <setting name="GraphShowText">1</setting>
  <setting name="GraphColorMode">0</setting>
  <setting name="ColorCpuKernel">ff00</setting>
  <setting name="ColorCpuUser">ff</setting>
  <setting name="ColorIoReadOther">ffff</setting>
  <setting name="ColorIoWrite">ff0077</setting>
  <setting name="ColorPrivate">77ff</setting>
  <setting name="ColorPhysical">ff8000</setting>
  <setting name="dmex.AtomTablePlugin.WindowPosition">350,350</setting>
  <setting name="dmex.AtomTablePlugin.WindowSize">@96|510,380</setting>
  <setting name="dmex.AtomTablePlugin.ListViewColumns"></setting>
  <setting name="dmex.DbgView.WindowPosition">350,350</setting>
  <setting name="dmex.DbgView.WindowSize">@96|510,380</setting>
  <setting name="dmex.DbgView.WindowColumns"></setting>
  <setting name="dmex.DbgView.AlwaysOnTop">0</setting>
  <setting name="dmex.DbgView.AutoScroll">1</setting>
  <setting name="dmex.DbgView.MaxEntries">2048</setting>
  <setting name="dmex.DnsCachePlugin.WindowPosition">350,350</setting>
  <setting name="dmex.DnsCachePlugin.WindowSize">@96|510,380</setting>
  <setting name="dmex.DnsCachePlugin.WindowColumns"></setting>
  <setting name="ProcessHacker.DotNetTools.AsmTreeListColumns"></setting>
  <setting name="ProcessHacker.DotNetTools.AsmTreeListFlags">0</setting>
  <setting name="ProcessHacker.DotNetTools.DotNetCategoryIndex">5</setting>
  <setting name="ProcessHacker.DotNetTools.DotNetListColumns"></setting>
  <setting name="ProcessHacker.DotNetTools.DotNetListSort"></setting>
  <setting name="ProcessHacker.DotNetTools.DotNetListGroupStates"></setting>
  <setting name="ProcessHacker.ExtendedNotifications.EnableGrowl">0</setting>
  <setting name="ProcessHacker.ExtendedNotifications.LogFileName"></setting>
  <setting name="ProcessHacker.ExtendedNotifications.ProcessList">\i*</setting>
  <setting name="ProcessHacker.ExtendedNotifications.ServiceList">\i*</setting>
  <setting name="ProcessHacker.ExtendedServices.EnableServicesMenu">1</setting>
  <setting name="ProcessHacker.ExtendedTools.DiskTreeListColumns"></setting>
  <setting name="ProcessHacker.ExtendedTools.DiskTreeListSort">4,2</setting>
  <setting
name="ProcessHacker.ExtendedTools.EnableGpuPerformanceCounters">0</setting>
  <setting name="ProcessHacker.ExtendedTools.EnableDiskExt">1</setting>
  <setting name="ProcessHacker.ExtendedTools.EnableEtwMonitor">1</setting>
  <setting name="ProcessHacker.ExtendedTools.EnableGpuMonitor">1</setting>
  <setting name="ProcessHacker.ExtendedTools.EnableSysInfoGraphs">1</setting>
  <setting name="ProcessHacker.ExtendedTools.GpuNodeBitmap">01000000</setting>
  <setting name="ProcessHacker.ExtendedTools.GpuLastNodeCount">0</setting>
  <setting name="ProcessHacker.ExtendedTools.TracertWindowPosition">0,0</setting>
  <setting name="ProcessHacker.ExtendedTools.TracertWindowSize">@96|350,270</setting>
  <setting name="ProcessHacker.ExtendedTools.UnloadedListColumns"></setting>
  <setting name="ProcessHacker.ExtendedTools.ModuleServiceWindowPosition">0,0</setting>
  <setting name="ProcessHacker.ExtendedTools.ModuleServiceWindowSize">@96|850,490</setting>
  <setting name="ProcessHacker.ExtendedTools.ModuleServiceListColumns"></setting>
  <setting name="ProcessHacker.ExtendedTools.GpuNodesWindowPosition">0,0</setting>
  <setting name="ProcessHacker.ExtendedTools.GpuNodesWindowSize">@96|850,490</setting>
  <setting name="ProcessHacker.ExtendedTools.WsWatchWindowPosition">0,0</setting>
  <setting name="ProcessHacker.ExtendedTools.WsWatchWindowSize">@96|325,266</setting>
  <setting name="ProcessHacker.ExtendedTools.WsWatchListColumns"></setting>
  <setting name="ProcessHacker.ExtendedTools.TrayIconGuids">{44be7382-eba9-47d7-bf3f-f4cc6fa3dffa}|{0dfddb9d-422c-4a8a-b190-80fe68849be4}|{a16fff6c-9aee-4709-bf19-0e6646bffbef}|{8b71b797-d86e-4e8d-ae1d-26e723effb7c}|{d2575c54-ed6a-4494-b7a9-f5f491e5fe1e}|{e8c77ec3-a753-44c2-939a-f082bfb9e90e}</setting>
  <setting name="ProcessHacker.ExtendedTools.EnableFahrenheit">0</setting>
  <setting name="dmex.FirewallMonitor.WindowPosition">350,350</setting>
  <setting name="dmex.FirewallMonitor.WindowSize">@96|510,380</setting>
  <setting name="dmex.FirewallMonitor.ListColumns"></setting>
  <setting name="dmex.FirewallMonitor.TreeColumns"></setting>
  <setting name="dmex.FirewallMonitor.TreeSort">0,2</setting>
  <setting name="dmex.UefiFirmwareEntriesPlugin.WindowPosition">100,100</setting>
  <setting name="dmex.UefiFirmwareEntriesPlugin.WindowSize">@96|490,340</setting>
  <setting name="dmex.UefiFirmwareEntriesPlugin.ListViewColumns"></setting>
  <setting name="ProcessHacker.HardwareDevices.EnableNDIS">1</setting>
  <setting name="ProcessHacker.HardwareDevices.NetworkList"></setting>
  <setting name="ProcessHacker.HardwareDevices.NetworkWindowPosition">0,0</setting>
  <setting name="ProcessHacker.HardwareDevices.NetworkWindowSize">@96|309,265</setting>
  <setting name="ProcessHacker.HardwareDevices.NetworkListColumns"></setting>
  <setting name="ProcessHacker.HardwareDevices.NetworkListSort"></setting>
  <setting name="ProcessHacker.HardwareDevices.DiskList"></setting>
  <setting name="ProcessHacker.HardwareDevices.DiskWindowPosition">100,100</setting>
  <setting name="ProcessHacker.HardwareDevices.DiskWindowSize">@96|309,265</setting>
  <setting name="ProcessHacker.HardwareDevices.DiskListColumns"></setting>
  <setting name="ProcessHacker.HardwareDevices.SmartListColumns"></setting>
  <setting name="dmex.MemoryExtPlugin.WindowPosition">350,350</setting>
  <setting name="dmex.MemoryExtPlugin.WindowSize">@96|510,380</setting>
  <setting name="ProcessHacker.NetworkTools.AddressHistory"></setting>
  <setting name="ProcessHacker.NetworkTools.PingWindowPosition">0,0</setting>
  <setting name="ProcessHacker.NetworkTools.PingWindowSize">@96|420,250</setting>
  <setting name="ProcessHacker.NetworkTools.PingMinScaling">1f4</setting>
  <setting name="ProcessHacker.NetworkTools.PingSize">20</setting>
  <setting name="ProcessHacker.NetworkTools.TracertWindowPosition">0,0</setting>
  <setting name="ProcessHacker.NetworkTools.TracertWindowSize">@96|850,490</setting>
  <setting name="ProcessHacker.NetworkTools.TracertTreeColumns"></setting>
  <setting name="ProcessHacker.NetworkTools.TracertTreeSort">0,1</setting>
  <setting name="ProcessHacker.NetworkTools.TracertMaxHops">14</setting>
  <setting name="ProcessHacker.NetworkTools.WhoisWindowPosition">0,0</setting>
  <setting name="ProcessHacker.NetworkTools.WhoisWindowSize">@96|600,365</setting>
  <setting name="ProcessHacker.NetworkTools.GeoDbPath">%APPDATA%\Process Hacker\GeoLite2-Country.mmdb</setting>
  <setting name="ProcessHacker.NetworkTools.EnableExtendedTcpStats">0</setting>
  <setting name="dmex.NvGpuPlugin.EnableFahrenheit">0</setting>
  <setting name="dmex.ObjectManagerPlugin.WindowPosition">100,100</setting>
  <setting name="dmex.ObjectManagerPlugin.WindowSize">@96|1065,627</setting>
  <setting name="dmex.ObjectManagerPlugin.WindowColumns"></setting>
  <setting name="ProcessHacker.OnlineChecks.EnableVirusTotalScanning">0</setting>
  <setting name="ProcessHacker.OnlineChecks.VirusTotalHighlightDetection">0</setting>
  <setting name="ProcessHacker.OnlineChecks.VirusTotalDefautAction">0</setting>
  <setting name="dmex.PerfMonPlugin.PerfMonList"></setting>
  <setting name="dmex.PoolMonPlugin.WindowPosition">350,350</setting>
  <setting name="dmex.PoolMonPlugin.WindowSize">@96|510,380</setting>
  <setting name="dmex.PoolMonPlugin.TreeViewColumns"></setting>
  <setting name="dmex.PoolMonPlugin.TreeViewSort">0,0</setting>
  <setting name="dmex.ProductPolicyPlugin.WindowPosition">350,350</setting>
  <setting name="dmex.ProductPolicyPlugin.WindowSize">@96|510,380</setting>
  <setting name="dmex.ProductPolicyPlugin.ListViewColumns"></setting>
  <setting name="dmex.RunningObjectTable.WindowPosition">100,100</setting>
  <setting name="dmex.RunningObjectTable.WindowSize">@96|490,340</setting>
  <setting name="dmex.ServiceBackupRestorePlugin.RegFileFormat">2</setting>
  <setting name="dmex.TaskbarExtPlugin.IconType">4</setting>
  <setting name="ProcessHacker.ToolStatus.Config">1f</setting>
  <setting name="ProcessHacker.ToolStatus.ToolbarTheme">0</setting>
  <setting name="ProcessHacker.ToolStatus.ToolbarDisplayStyle">1</setting>
  <setting name="ProcessHacker.ToolStatus.SearchBoxDisplayMode">0</setting>
  <setting name="ProcessHacker.ToolStatus.RebarConfig"></setting>
  <setting name="ProcessHacker.ToolStatus.ToolbarButtonConfig"></setting>
  <setting name="ProcessHacker.ToolStatus.StatusbarConfig"></setting>
  <setting name="ProcessHacker.ToolStatus.ToolbarGraphConfig"></setting>
  <setting name="ProcessHacker.UpdateChecker.PromptStart">1</setting>
  <setting name="ProcessHacker.UpdateChecker.LastUpdateCheckTime">133181861657411430</setting>
  <setting name="ProcessHacker.UpdateChecker.ChangelogWindowPosition">0,0</setting>
  <setting name="ProcessHacker.UpdateChecker.ChangelogWindowSize">@96|420,250</setting>
  <setting name="ProcessHacker.UpdateChecker.ChangelogListColumns"></setting>
  <setting name="ProcessHacker.UpdateChecker.ChangelogListSort"></setting>
  <setting name="ProcessHacker.UserNotes.DatabasePath">%APPDATA%\Process Hacker\usernotesdb.xml</setting>
  <setting name="ProcessHacker.UserNotes.ColorCustomList"></setting>
  <setting name="ProcessHacker.UserNotes.CollapseServicesOnStart">0</setting>
  <setting name="dmex.WaitChainPlugin.TreeListColumns"></setting>
  <setting name="dmex.WaitChainPlugin.WindowPosition">100,100</setting>
  <setting name="dmex.WaitChainPlugin.WindowSize">@96|690,540</setting>
  <setting name="ProcessHacker.WindowExplorer.ShowDesktopWindows">0</setting>
  <setting name="ProcessHacker.WindowExplorer.WindowTreeListColumns"></setting>
  <setting name="ProcessHacker.WindowExplorer.WindowsWindowPosition">0,0</setting>
  <setting name="ProcessHacker.WindowExplorer.WindowsWindowSize">@96|690,540</setting>
  <setting name="ProcessHacker.WindowExplorer.WindowsPropertyColumns"></setting>
  <setting name="ProcessHacker.WindowExplorer.WindowsPropertyPosition">0,0</setting>
  <setting name="ProcessHacker.WindowExplorer.WindowsPropertySize">@96|690,540</setting>
  <setting name="ProcessHacker.WindowExplorer.WindowsPropListColumns"></setting>
  <setting name="ProcessHacker.WindowExplorer.WindowsPropStorageColumns"></setting>
  <setting name="ProcessHacker.WindowExplorer.EnableAlternateEnumWindow">0</setting>
</settings>
